,Event.Id,Investigation.Type,Accident.Number,Event.Date,Location,Country,Latitude,Longitude,Airport.Code,Airport.Name,Injury.Severity,Aircraft.damage,Aircraft.Category,Registration.Number,Make,Model,Amateur.Built,Number.of.Engines,Engine.Type,FAR.Description,Schedule,Purpose.of.flight,Air.carrier,Total.Fatal.Injuries,Total.Serious.Injuries,Total.Minor.Injuries,Total.Uninjured,Total.Non-Fatal,Total.People,Weather.Condition,Broad.phase.of.flight,Report.Status,Publication.Date,State
288,20020917X02336,Incident,LAX82IA075,1982-02-15,"ONTARIO, CA",United States,,,ONT,ONTARIO INTERNATIONAL,Incident,Minor,Airplane,N73717,BOEING,737,No,2.0,Turbo Jet,Part 121: Air Carrier,SCHD,Unknown,Aircal,0.0,0.0,0.0,119.0,119.0,119.0,IMC,Approach,Probable Cause,15-02-1983,CA
602,20020917X02279,Accident,LAX82FA119,1982-03-24,"MARANA, AZ",United States,,,MJC,MARANA AIRPARK,Non-Fatal,Substantial,Airplane,N752TA,BOEING,707,No,4.0,Turbo Jet,Part 91: General Aviation,,Ferry,,0.0,0.0,0.0,7.0,7.0,7.0,VMC,Landing,Probable Cause,24-03-1983,AZ
719,20020917X01904,Incident,CHI82IA117,1982-04-09,"YOUNGSTOWN, OH",United States,,,YNG,YOUNGSTOWN MUNICIPAL,Incident,Minor,Airplane,N7627U,BOEING,737,No,3.0,Turbo Fan,Part 121: Air Carrier,SCHD,Unknown,United Airlines,0.0,0.0,0.0,108.0,108.0,108.0,IMC,Landing,Probable Cause,09-04-1983,OH
805,20020917X02079,Accident,FTW82DA139,1982-04-18,"AUSTIN, TX",United States,,,AUS,AUSTIN MUNI,Non-Fatal,Substantial,Airplane,N32717,BOEING,737,No,3.0,Turbo Fan,Part 121: Air Carrier,SCHD,Unknown,"Continental Airlines, Inc.",0.0,0.0,0.0,68.0,68.0,68.0,VMC,Landing,Probable Cause,18-04-1983,TX
1598,20020917X04065,Incident,NYC82IA137,1982-07-05,"FLUSHING, NY",United States,,,LGA,LAGUARDIA,Incident,Minor,Airplane,CGAAA,BOEING,737,No,3.0,Turbo Fan,Part 129: Foreign,SCHD,,Air Canada,0.0,0.0,0.0,74.0,74.0,74.0,VMC,Climb,Probable Cause,04-12-2014,NY
1867,20020917X04067,Incident,NYC82IA170,1982-07-28,"FLUSHING, NY",United States,,,LGA,LAGUARDIA,Incident,Minor,Airplane,N64323,BOEING,737,No,3.0,Turbo Fan,Part 121: Air Carrier,SCHD,Unknown,Trans World Airlines,0.0,0.0,0.0,129.0,129.0,129.0,IMC,Approach,Probable Cause,28-07-1983,NY
1970,20020917X03240,Incident,DEN82IA154,1982-08-05,"DENVER, CO",United States,,,DEN,STAPLETON INTERNATIONAL,Incident,Minor,Airplane,N7356F,BOEING,737,No,2.0,Turbo Fan,Part 121: Air Carrier,SCHD,Unknown,"Frontier Airlines, Inc.",0.0,0.0,0.0,102.0,102.0,102.0,VMC,Takeoff,Probable Cause,05-08-1983,CO
2038,20020917X03898,Incident,MKC82IA143,1982-08-12,"NORTH PLATTE, NE",United States,,,LBF,LEE BIRD FIELD,Incident,Minor,Airplane,N7345F,BOEING,737,No,2.0,Turbo Fan,Part 121: Air Carrier,SCHD,Unknown,,0.0,0.0,33.0,0.0,33.0,33.0,IMC,Approach,Probable Cause,12-08-1983,NE
2929,20020917X04669,Incident,FTW83IA044,1982-11-22,"LITTLE ROCK, AR",United States,,,LIT,ADAMS,Incident,Minor,Airplane,N846AA,BOEING,737,No,3.0,Turbo Fan,Part 121: Air Carrier,SCHD,Unknown,American Airlines,0.0,0.0,0.0,23.0,23.0,23.0,IMC,Landing,Probable Cause,22-11-1983,AR
2965,20020917X04910,Accident,MIA83FA036,1982-11-27,"MIAMI, FL",United States,,,MIA,MIAMI INTERNATIONAL,Non-Fatal,Substantial,Airplane,HK284,BOEING,707,No,4.0,Turbo Fan,Part 129: Foreign,SCHD,Unknown,Aerotal Ltda.,0.0,0.0,0.0,116.0,116.0,116.0,VMC,Takeoff,Probable Cause,27-11-1983,FL
3005,20020917X04339,Incident,ATL83IA050,1982-12-05,"WINSTON-SALEM, NC",United States,,,INT,SMITH REYNOLDS,Incident,Minor,Airplane,N798N,BOEING,737,No,2.0,Turbo Fan,Part 91: General Aviation,,Unknown,,0.0,0.0,0.0,5.0,5.0,5.0,VMC,Approach,Probable Cause,05-12-1983,NC
3011,20020917X04915,Incident,MIA83IA043,1982-12-06,"SARASOTA, FL",United States,,,SRQ,SARASOTA-BRADENTON,Incident,Minor,Airplane,N8871Z,BOEING,737,No,3.0,Turbo Fan,Part 121: Air Carrier,SCHD,Unknown,"Eastern Airlines, Inc.",0.0,0.0,0.0,21.0,21.0,21.0,VMC,Takeoff,Probable Cause,06-12-1983,FL
3135,20020917X04672,Incident,FTW83IA086,1982-12-26,"MEMPHIS, TN",United States,,,MEM,MEMPHIS INTL,Incident,Minor,Airplane,N6810,BOEING,737,No,3.0,Turbo Fan,Part 121: Air Carrier,SCHD,Unknown,American Airlines,0.0,0.0,0.0,58.0,58.0,58.0,IMC,Go-around,Probable Cause,26-12-1983,TN
3177,20001214X42478,Incident,LAX83IA149A,1983-03-18,"LOS ANGELES, CA",United States,,,LAX,LOS ANGELES INTL,Incident,Minor,Airplane,9VSQQ,BOEING,747,No,4.0,Turbo Fan,Part 129: Foreign,SCHD,,"Singapore Airlines, Ltd.",0.0,0.0,0.0,588.0,588.0,588.0,VMC,Taxi,Probable Cause,04-12-2014,CA
3183,20001214X45013,Incident,CHI84IA041,1983-11-08,"CHICAGO, IL",United States,,,ORD,O'HARE,Incident,Minor,Airplane,N898AA,BOEING,737,No,3.0,Turbo Fan,Part 121: Air Carrier,SCHD,Unknown,,0.0,0.0,0.0,100.0,100.0,100.0,VMC,Taxi,Probable Cause,11-06-2018,IL
3258,20001212X17360,Incident,NYC91IA137,1991-06-06,"BOSTON, MA",United States,,,BOS,LOGAN INTERNATIONAL,Incident,Minor,Airplane,N750UA,BOEING,737,No,3.0,Turbo Fan,Part 121: Air Carrier,SCHD,Unknown,Usair,0.0,0.0,0.0,156.0,156.0,156.0,VMC,Takeoff,Probable Cause,05-09-2018,MA
3305,20001207X03526,Incident,NYC95IA114B,1995-05-19,"NEWARK, NJ",United States,,,EWR,NEWARK INTERNATIONAL,Incident,Minor,Airplane,N13624,BOEING,737,No,2.0,Turbo Fan,Part 121: Air Carrier,SCHD,Unknown,,0.0,0.0,0.0,288.0,288.0,288.0,VMC,Taxi,Probable Cause,04-12-2014,NJ
3306,20001207X03526,Incident,NYC95IA114A,1995-05-19,"NEWARK, NJ",United States,,,EWR,NEWARK INTERNATIONAL,Incident,Minor,Airplane,LNRCK,BOEING,767,No,2.0,Turbo Fan,Part 129: Foreign,SCHD,,Scandinavian Airline System (dba: Sas),0.0,0.0,0.0,288.0,288.0,288.0,VMC,Taxi,Probable Cause,04-12-2014,NJ
3344,20001208X08606,Accident,DCA97MA058,1997-08-06,"NIMITZ HILL, GU",United States,,,KGUM,AGANA INTERNATIONAL AIRPO,Fatal(228),Destroyed,Airplane,H7468,BOEING,747,No,4.0,Turbo Fan,Part 129: Foreign,SCHD,Unknown,,228.0,26.0,0.0,0.0,26.0,254.0,IMC,Approach,Probable Cause,23-10-2009,GU
3462,20001212X20606,Accident,DCA00MA030,2000-03-05,"BURBANK, CA",United States,,,BUR,BURBANK-GLENDALE-PASADENA,Non-Fatal,Destroyed,Airplane,N668SW,BOEING,737,No,2.0,Turbo Fan,Part 121: Air Carrier,SCHD,Unknown,Southwest Airlines Co,0.0,2.0,42.0,98.0,142.0,142.0,VMC,Landing,Probable Cause,14-02-2018,CA
3514,20010226X00510,Accident,NYC01LA075A,2001-02-03,"BOSTON, MA",United States,,,BOS,Logan International Airport,Non-Fatal,Substantial,Airplane,N3735D,BOEING,737,No,2.0,Turbo Fan,Part 121: Air Carrier,SCHD,,,0.0,0.0,0.0,135.0,135.0,135.0,VMC,Taxi,Probable Cause,14-02-2018,MA
3568,20020123X00104,Accident,DCA01MA063,2001-09-11,"NEW YORK CITY, NY",United States,,,,,Fatal(65),Destroyed,Airplane,N612UA,BOEING,767,No,2.0,Turbo Fan,Part 121: Air Carrier,SCHD,,United Airlines,65.0,0.0,0.0,0.0,0.0,65.0,,Cruise,Probable Cause,08-12-2009,NY
3799,20031105X01861,Accident,NYC04CA003,2003-10-04,"BOSTON, MA",United States,42.364167,-71.005,BOS,Boston,Non-Fatal,Substantial,Airplane,N972AN,BOEING,737,No,2.0,Turbo Fan,Part 121: Air Carrier,SCHD,,,0.0,0.0,0.0,76.0,76.0,76.0,VMC,Standing,Probable Cause,05-02-2004,MA
4399,20050323X00356,Accident,NYC05FA054,2005-03-02,"NEWARK, NJ",United States,40.698611,-74.17,EWR,Newark International Airport,Non-Fatal,Substantial,Airplane,N78008,BOEING,777,No,2.0,Turbo Fan,Part 121: Air Carrier,SCHD,,Continental Airlines Inc,0.0,0.0,0.0,214.0,214.0,214.0,VMC,Takeoff,Probable Cause,03-05-2012,NJ
4491,20050502X00534,Incident,DEN05IA071,2005-04-25,"DENVER, CO",United States,39.861389,-104.673056,DEN,DENVER INTL,Incident,Minor,Airplane,N789TM,BOEING,737,No,2.0,Turbo Jet,Part 121: Air Carrier,SCHD,,,0.0,0.0,0.0,98.0,98.0,98.0,VMC,Taxi,Probable Cause,08-12-2008,CO
4744,20050825X01313,Accident,IAD05LA118A,2005-08-08,"NEWARK, NJ",United States,40.7,-74.172223,EWR,Newark Liberty International,Non-Fatal,Substantial,Airplane,N73270,BOEING,737,No,2.0,Turbo Jet,Part 121: Air Carrier,SCHD,,Continental Airlines Inc,0.0,0.0,0.0,205.0,205.0,205.0,VMC,Taxi,Probable Cause,15-02-2018,NJ
4763,20050921X01501,Accident,DCA05MA095,2005-08-19,"AGANA, GU",United States,,,GUM,Guam-Antonio B. Won Pat,Non-Fatal,Substantial,Airplane,N627US,BOEING,747,No,4.0,Turbo Fan,Part 121: Air Carrier,SCHD,,,0.0,0.0,2.0,338.0,340.0,340.0,VMC,Landing,Probable Cause,30-12-2008,GU
5754,20070111X00042,Accident,LAX07LA064B,2006-12-26,"SAN DIEGO, CA",United States,32.733611,-117.189722,KSAN,San Diego,Non-Fatal,Substantial,Airplane,N673AA,BOEING,737,No,2.0,Turbo Fan,Part 121: Air Carrier,SCHD,,,0.0,0.0,0.0,208.0,208.0,208.0,VMC,Taxi,Probable Cause,15-02-2018,CA
5758,20070111X00042,Accident,LAX07LA064A,2006-12-26,"SAN DIEGO, CA",United States,32.733611,-117.189722,KSAN,San Diego,Non-Fatal,Minor,Airplane,N207WN,BOEING,737,No,2.0,Turbo Fan,Part 121: Air Carrier,SCHD,,,0.0,0.0,0.0,208.0,208.0,208.0,VMC,Taxi,Probable Cause,15-02-2018,CA
6170,20070705X00879,Accident,CHI07FA184A,2007-06-27,"CHICAGO, IL",United States,41.968611,-87.907778,ORD,CHICAGO O'HARE INTL,Non-Fatal,Minor,Airplane,N213UA,BOEING,777,No,2.0,Turbo Fan,Part 121: Air Carrier,SCHD,,,0.0,0.0,0.0,501.0,501.0,501.0,VMC,Taxi,Probable Cause,23-03-2009,IL
6571,20081219X65251,Incident,ENG08IA001,2007-10-28,"CHARLOTTE (CLT), NC",United States,,,CLT,Douglas International,Incident,Minor,Airplane,N919UW,BOEING,757,No,2.0,Turbo Fan,Part 121: Air Carrier,SCHD,,Us Airways Inc (dba: Us Airways),0.0,0.0,0.0,0.0,0.0,0.0,,Standing,Probable Cause,12-04-2011,NC
6627,20071231X02010,Incident,ENG08IA002,2007-11-17,"GREENVILLE, TX",United States,33.191111,-95.978334,DAL,Love Field,Incident,Minor,Airplane,N676SW,BOEING,737,No,2.0,Turbo Fan,Part 121: Air Carrier,SCHD,,Southwest Airlines,0.0,0.0,0.0,138.0,138.0,138.0,VMC,Climb,Probable Cause,22-06-2009,TX
6688,20080213X00187,Accident,NYC08LA062A,2007-12-14,"NEW YORK, NY",United States,40.658333,-73.786666,JFK,John F. Kennedy International,Non-Fatal,Substantial,Airplane,B-2477,BOEING,747,No,4.0,,Part 129: Foreign,SCHD,Positioning,Air China Airlines,0.0,0.0,0.0,5.0,5.0,5.0,IMC,Taxi,Probable Cause,30-09-2009,NY
6689,20071231X02013,Accident,CHI08FA050,2007-12-14,"CHICAGO, IL",United States,41.978611,-87.904722,ORD,Chicago O'Hare Intl,Non-Fatal,Minor,Airplane,N220UA,BOEING,777,No,2.0,Turbo Fan,Part 121: Air Carrier,SCHD,,,0.0,1.0,0.0,263.0,264.0,264.0,VMC,Approach,Probable Cause,24-12-2008,IL
6928,20080307X00283,Incident,DFW08IA074,2008-03-01,"DALLAS, TX",United States,325043N,0096519W,DAL,DALLAS LOVE FIELD,Non-Fatal,Minor,Airplane,N652SW,BOEING,737,No,2.0,Turbo Fan,121,SCHD,,SOUTHWEST AIRLINES CO,0.0,0.0,0.0,244.0,244.0,244.0,IMC,,The failure of the taxiing flight crew to maintain an adequate clearance from the stationary airplane.,25-09-2020,TX
7024,20080404X00426,Incident,DFW08IA087,2008-03-27,"HOUSTON, TX",United States,030026N,0951849W,KIAH,George Bush Intercontinental,Non-Fatal,Minor,Airplane,N23661,BOEING,737,No,2.0,Turbo Fan,121,SCHD,,Continental Airlines Inc,0.0,0.0,0.0,118.0,118.0,118.0,VMC,,The flight crew's improper landing technique for an inoperative anti-skid system resulting in locked brakes and four blown main landing gear tires.,25-09-2020,TX
7151,20081003X63355,Incident,ENG08IA022,2008-04-20,"NEWARK, NJ",United States,404427N,0741014W,EWR,Newark Liberty International,Non-Fatal,Minor,Airplane,N704CK,BOEING,747,No,4.0,,121,SCHD,,KALITTA AIR LLC,0.0,0.0,0.0,5.0,5.0,5.0,,,"An engine fire in the No. 3 engine due to the failure of, and subsequent flammable fluid leak from, one of three fuel or hydraulic lines located in the engine's accessory raceway that ignited when the fluid came in contact with the hot engine cases.  Contributing to the incident were the lack of adequate inspection and test requirements and appropriate life limit or inspection interval requirements by the manufacturer.",25-09-2020,NJ
7521,20100608X35931,Incident,ENG08IA051,2008-06-27,"PHOENIX (PHX), AZ",United States,033264N,0112041W,PHX,Phoenix Sky Harbor Intl.,Non-Fatal,Minor,Airplane,N514AU,BOEING,737,No,2.0,Turbo Fan,121,SCHD,,US AIRWAYS INC,0.0,0.0,0.0,0.0,0.0,0.0,,,"The failure of the MLG was due to cracking in the cylinder wall resulting from a fatigue mechanism which initiated at, and near the inner diameter (ID) surface, with propagation through the wall toward the outer diameter(OD) surface. Crack initiation was due to base metal damage which took the form of over tempered martensite (OTM) and chemical attack/pitting of the base metal.",25-09-2020,AZ
7522,20080701X00963,Accident,DCA08MA076,2008-06-28,"SAN FRANCISCO, CA",United States,373639N,1222247W,SFO,San Francisco International,Non-Fatal,Destroyed,Airplane,N799AX,BOEING,767,No,2.0,Turbo Jet,121,NSCH,,ABX Air,0.0,0.0,0.0,2.0,2.0,2.0,,,"The design of the supplemental oxygen system hoses and the lack of positive separation between electrical wiring and electrically conductive oxygen system components. The lack of positive separation allowed a short circuit to breach a combustible oxygen hose, release oxygen, and initiate a fire in the supernumerary compartment that rapidly spread to other areas. Contributing to this accident was the Federal Aviation AdministrationÂs failure to require the installation of nonconductive oxygen hoses after the safety issue concerning conductive hoses was initially identified by Boeing.",25-09-2020,CA
8038,20081007X03940,Incident,CHI08IA292,2008-09-22,"CHICAGO, IL",United States,415843N,0875417W,ORD,O'Hare International Airport,Non-Fatal,Minor,Airplane,N197AN,BOEING,757,No,2.0,Turbo Fan,121,SCHD,,"American Airlines, Inc.",0.0,0.0,0.0,192.0,192.0,192.0,,,The failure of an electrical relay due to eroded contacts and the flight crew's decision to continue a flight that was operating on battery power.,03-11-2020,IL
8071,20081219X65313,Incident,ENG08IA042,2008-10-01,"CHICAGO, IL",United States,415321N,0873713W,MDW,Chicago Midway,Non-Fatal,Minor,Airplane,N551WN,BOEING,737,No,2.0,Turbo Fan,121,SCHD,,"Southwest Airlines, Co.",0.0,0.0,0.0,133.0,133.0,133.0,,,The right nose landing gear axle's failure from intergranular and fatigue cracking due to an earlier bearing failure.,03-11-2020,IL
8194,20081110X15316,Incident,WPR09IA033,2008-11-07,"SALT LAKE CITY, UT",United States,404718N,1115840W,KSLC,Salt Lake City Int.,Non-Fatal,Minor,Airplane,N254WN,BOEING,737,No,2.0,Turbo Fan,121,SCHD,,SOUTHWEST AIRLINES CO,0.0,0.0,0.0,51.0,51.0,51.0,VMC,,The tug driver's failure to maintain situational awareness during the push back operation.,25-09-2020,UT
8324,20081221X14648,Accident,DCA09MA021,2008-12-21,"DENVER, CO",United States,039452N,0010503W,KDEN,Denver International Airport,Non-Fatal,Substantial,Airplane,N18611,BOEING,737,No,2.0,,121,SCHD,,CONTINENTAL AIRLINES INC,0.0,41.0,6.0,68.0,115.0,115.0,VMC,,"The captainÂs cessation of right rudder input, which was needed to maintain directional control of the airplane, about 4 seconds before the excursion, when the airplane encountered a strong and gusty crosswind that exceeded the captainÂs training and experience. Contributing to the accident were the following factors: 1) an air traffic control system that did not require or facilitate the dissemination of key, available wind information to the air traffic controllers and pilots; and 2) inadequate crosswind training in the airline industry due to deficient simulator wind gust modeling.",30-04-2021,CO
8333,20090102X60836,Accident,CEN09LA114,2008-12-23,"ROCKFORD, IL",United States,421155N,0008961W,RFD,Rockford International,Non-Fatal,Substantial,Airplane,N486EV,BOEING,747,No,4.0,Turbo Fan,121,NSCH,,EVERGREEN INTERNATIONAL AIRLINES INC,0.0,0.0,0.0,3.0,3.0,3.0,VMC,,The ground crew's failure to maintain clearance from the light pole while directing the airplane to parking.,25-09-2020,IL
8348,20081228X25156,Accident,WPR09FA068,2008-12-28,"SEATTLE, WA",United States,472659N,1221842W,SEA,Seattle-Tacoma Int. Airport,Non-Fatal,Substantial,Airplane,N585NW,BOEING,757,No,2.0,Turbo Fan,121,SCHD,,NORTHWEST AIRLINES INC,0.0,0.0,0.0,352.0,352.0,352.0,VMC,,The failure of the tug operator and wing walker of this airplane to maintain clearance with the other aircraft during the pushback process in dark night. Also causal was the ramp controller's misinterpretation of the other airplane's gate location and her improper clearance for both airplanes to simultaneously push back from nearly opposing gates.,25-09-2020,WA
8366,20090105X01036,Incident,ENG09IA002,2009-01-02,"ATLANTA, GA",United States,033451N,0842326W,KATL,Atlanta International Airport,Non-Fatal,Minor,Airplane,N864DA,BOEING,777,No,2.0,Turbo Fan,121,SCHD,,Delta Air Lines,0.0,0.0,0.0,257.0,257.0,257.0,,,The fan blade fractured due to a fatigue crack that was the result of the combination of the breakdown of the fan blade lubrication system and residual fatigue life usage following the last overhaul of the fan blade.  Contributing to the fracture was the inadequate lubrication schedule established by the engine manufacturer that was not reflective of the operatorÂs use of the engine.,25-09-2020,GA
8726,20090424X50554,Accident,DCA09FA045,2009-04-20,"NEW YORK, NY",United States,404457N,0735958W,KJFK,John F. Kennedy International,Non-Fatal,Substantial,Airplane,CN-RNT,BOEING,767,No,2.0,Turbo Fan,129,SCHD,,ROYAL AIR MAROC,0.0,0.0,0.0,220.0,220.0,220.0,VMC,,"The first officerÂs input of full nose down elevator at touchdown.
Contributing to the accident was the gusty wind conditions.",25-09-2020,NY
8786,20090507X00926,Accident,DCA09FA048,2009-05-06,"BALTIMORE, MD",United States,391721N,0763711W,KBWI,Baltimore,Non-Fatal,Substantial,Airplane,N139WA,BOEING,DC-10,No,3.0,Turbo Fan,121,NSCH,,World Airways,0.0,11.0,1.0,168.0,180.0,180.0,VMC,,"the captainÂs inappropriate control inputs following a firm landing, resulting in two hard nose-gear impacts before executing a go-around.  

Contributing to the inappropriate control inputs was the captainÂs fatigue and physical discomfort; and a possible lack of practical consolidation of skills and experience due to a protracted and fragmented training period.",25-09-2020,MD
8818,20090513X31333,Incident,CEN09IA294,2009-05-13,"HOUSTON, TX",United States,293826N,0951626W,HOU,William P. Hobby Airport,Non-Fatal,Minor,Airplane,N371SW,BOEING,737,No,2.0,Turbo Fan,121,SCHD,,SOUTHWEST AIRLINES CO,0.0,2.0,0.0,51.0,53.0,53.0,VMC,,"The pilot's inadvertent application of excessive braking after touchdown, which caused the right wheels to lock and several tires to blow and resulted in a subsequent brake fire.",25-09-2020,TX
8954,20090610X65600,Incident,ENG09IA007,2009-06-10,"DENVER, CO",United States,394459N,0010503W,KDEN,Denver International Airport,Non-Fatal,Minor,Airplane,N570UA,BOEING,757,No,2.0,Turbo Jet,121,SCHD,,UNITED AIR LINES INC,0.0,0.0,0.0,192.0,192.0,192.0,,,"There was a malfunction of the electronic engine control (EEC) burner pressure (Pb) sensor that had an abnormally high indication that resulted in an excessive amount of fuel being pumped into the engine that was still at a sub-idle condition.  Because the engine was still accelerating to idle, the limited airflow through the engine engine was insufficient for the amount of fuel and resulted in a tailpipe fire.  The cause of the EEC's Pb sensor fault could not be determined.",25-09-2020,CO
9156,20090714X83900,Accident,DCA09FA065,2009-07-13,"CHARLESTON, WV",United States,382223N,0813535W,CRW,"Yeager Airport, Charleston, WV",Non-Fatal,Substantial,Airplane,N387SW,BOEING,737,No,2.0,,121,SCHD,,SOUTHWEST AIRLINES CO,0.0,0.0,0.0,131.0,131.0,131.0,,,Fuselage skin failure due to preexisting fatigue at a chemically milled step.,25-09-2020,WV
9177,20090730X12915,Incident,ENG09IA009,2009-07-15,"CHARLOTTE (CLT), NC",United States,351349N,0805436W,CLT,Douglas International,Non-Fatal,Minor,Airplane,N506AU,BOEING,737,No,2.0,Turbo Fan,121,SCHD,,US AIRWAYS INC,0.0,0.0,0.0,0.0,0.0,0.0,,,The failure of the left hand main landing gear was caused by heat induced cracks resulting from abusive grinding/polishing of the chrome plate that was applied during the last overhaul.,25-09-2020,NC
9479,20090909X82446,Incident,ENG09IA014,2009-09-08,"LOS ANGELES, CA",United States,335633N,1182426W,KLAX,Los Angeles International,Non-Fatal,Minor,Airplane,N670SW,BOEING,737,No,2.0,Turbo Fan,121,SCHD,,"Southwest Airlines, Co.",0.0,0.0,0.0,142.0,142.0,142.0,VMC,,The failure of the right main landing gear inboard axle due to fatigue cracking as a result of fretting damage in one of the brake mounting bolt holes.,25-09-2020,CA
9522,20090921X73211,Incident,ENG09IA018,2009-09-18,"NEWARK, NJ",United States,404425N,0741010W,EWR,Newark Liberty Airport,Non-Fatal,Minor,Airplane,N66051,BOEING,767,No,2.0,,121,SCHD,,Continental Airlines,0.0,0.0,0.0,235.0,235.0,235.0,VMC,,Failure of Main Landing Gear (MLG) truck beam was due to contamination of the inner surface corrosion protective layers from hydraulic fluid and deice fluid that resulted in corrosion and intergranular stress corrosion cracking.,25-09-2020,NJ
9692,20091105X93509,Incident,DCA10IA006,2009-11-04,"DULLES INTERNATIONAL AIRPORT, VA",United States,385651N,0772736W,IAD,Dulles International Airport,,Minor,Airplane,G-BNWY,BOEING,767,No,2.0,,NUSC,SCHD,,British Airways PLC,0.0,0.0,0.0,0.0,0.0,0.0,VMC,,"The failure of the lead and left side marshallers to identify the B40 jetway obstacle and stop the airplane's taxi before the wingtip contacted the jetway.  

Contributing to the cause of this incident were inadequate marshalling procedures used by the ground support company, which failed to: (1) provide sufficient personnel to ensure that visual contact was maintained at all times when airplanes were taxiing to the gate area and (2) verify proper positioning of jetways in the taxi path of the airplane before directing airplanes into the gate area.",25-09-2020,VA
9954,20100222X84927,Accident,DCA10CA032,2010-02-19,"ANCHORAGE, AK",United States,611028N,1495947W,,,Non-Fatal,Minor,Airplane,N173UA,BOEING,747,No,4.0,Turbo Fan,121,SCHD,,UNITED AIR LINES INC,0.0,25.0,1.0,236.0,262.0,262.0,Unk,,an inadvertent encounter with clear air turbulence.,25-09-2020,AK
10163,20100410X34740,Accident,WPR10FA199,2010-04-10,"LOS ANGELES, CA",United States,335648N,0118241W,LAX,Los Angeles International,Non-Fatal,Substantial,Airplane,N624SW,BOEING,737,No,2.0,Turbo Fan,121,SCHD,,SOUTHWEST AIRLINES CO,0.0,0.0,0.0,109.0,109.0,109.0,VMC,,"The tug operatorÂs failure to comply with company procedures when parking an unoccupied baggage tug, and the failure of the tugÂs seat switch to disengage the electric motor when weight was removed from the driverÂs seat.",25-09-2020,CA
10307,20100517X92932,Incident,ENG10IA029,2010-05-17,"CHANTILLY, VA",United States,038540N,0772658W,IAD,Washington Dulles,Non-Fatal,Minor,Airplane,N510UA,BOEING,757,No,2.0,Turbo Fan,121,SCHD,,,0.0,0.0,0.0,112.0,112.0,112.0,,,"The ignition of the J5 power terminal located on the captainÂs No. 1 windshield due to a loose electrical connection between the terminal connector lug and its respective terminal block. The loose connection resulted from a missing lock washer that allowed the resistance in the electrical path to increase sufficiently to generate high enough temperatures to ignite the terminal block.

Contributing to the probable cause was the lack of instructions to ensure the lock washer was installed in the J5 power terminal block in the Boeing 757 aircraft maintenance manual (AMM). 

Additionally, contributing to the incident was the deferral of the related maintenance write-up before the incident, which resulted from information in the United Airlines AMM that stated, ÂWhen bus bar(s) show signs of blackening or burning, the condition is acceptable for continued service, although the window must be replaced within 50 flight-hours.",14-06-2021,VA
10309,20100520X02527,Accident,DCA10CA061,2010-05-17,"MIAMI, FL",United States,254743N,0801724W,MIA,Miami International Airport,Non-Fatal,Substantial,Airplane,N498MC,BOEING,747,No,4.0,Turbo Fan,121,NSCH,,ATLAS AIR INC,0.0,0.0,0.0,3.0,3.0,3.0,VMC,,impact of the fore flap with the aft fuselage after fatigue failure of the right wing fore flap carriage assembly attachment fitting at position 6.,25-09-2020,FL
10490,20100714X63624,Accident,DCA10CA075,2010-06-19,"NEW YORK, NY",United States,040390N,0073470W,KJFK,John F. Kennedy International,Non-Fatal,Substantial,Airplane,N3730B,BOEING,737,No,2.0,Turbo Fan,121,SCHD,,"Delta Air Lines, Inc.",0.0,0.0,0.0,5.0,5.0,5.0,VMC,,a baggage cart impacting the airplane and causing substantial damage as a result of the jet blast from a passing airplane.,25-09-2020,NY
10707,20100831X62338,Incident,ENG10WA048,2010-07-30,PACIFIC OCEAN,United States,037370N,0122220E,,,,Minor,Airplane,VH-OJP,BOEING,747,No,4.0,,129,SCHD,,Qantas Airways Limited,0.0,0.0,0.0,0.0,0.0,0.0,,,,03-11-2020,NMI
10734,20100806X53016,Incident,DCA10IA082,2010-08-04,"CHICAGO, IL",United States,041357N,0873233W,ORD,CHICAGO O'HARE INTL,Non-Fatal,Minor,Airplane,N644UA,BOEING,767,No,2.0,Turbo Fan,121,SCHD,,United,0.0,6.0,0.0,184.0,190.0,190.0,VMC,,"the brake fire after landing was caused by hydraulic fluid leaking on to hot brakes.   
",25-09-2020,IL
11142,20101027X04916,Accident,DCA11FA004,2010-10-27,"MIAMI, FL",United States,254646N,0801156W,MIA,,Non-Fatal,Substantial,Airplane,N626AA,BOEING,757,No,2.0,Turbo Fan,121,SCHD,,AMERICAN AIRLINES INC,0.0,0.0,0.0,160.0,160.0,160.0,,,Fatigue failure of the fuselage crown skin due to incorrect manufacturing of the crown skin panel that resulted in a skin thickness less than the manufacturer-specified thickness.,25-09-2020,FL
11153,20101031X30917,Accident,ERA11LA044,2010-10-29,"FORT LAUDERDALE, FL",United States,026422N,0080910W,KFLL,Fort Lauderdale/Hollywood Int,Non-Fatal,Substantial,Airplane,C-FWAQ,BOEING,737,No,2.0,Turbo Fan,129,SCHD,,WestJet,0.0,0.0,0.0,142.0,142.0,142.0,VMC,,"The ground service vehicle driver's depressing of the accelerator rather than the brake pedal, resulting in a collision with the airplane.",25-09-2020,FL
11300,20101220X14621,Accident,DCA11CA014,2010-12-18,"PHILADELPHIA, PA",United States,395220N,0751427W,KPHL,Philadelphia,Non-Fatal,Substantial,Airplane,N913WN,BOEING,737,No,2.0,Turbo Fan,121,SCHD,,SOUTHWEST AIRLINES CO,0.0,0.0,0.0,222.0,222.0,222.0,VMC,,the failure of the ground operations personnel to maintain awareness of the relative position of the two airplanes.,25-09-2020,PA
11347,20110502X93814,Accident,DCA11FA050,2011-01-03,"LOS ANGELES, CA",United States,335633N,1182429W,LAX,Los Angeles,Non-Fatal,Substantial,Airplane,N831NN,BOEING,737,No,2.0,Turbo Fan,121,SCHD,,American Airlines,0.0,0.0,0.0,165.0,165.0,165.0,VMC,,"the early rotation of the airplane to an angle at which the fuselage contacted the runway.  

Contributing to early rotation was the CaptainÂs reaction to the erroneous V1 automated callout, likely assuming that the airplane was at or close to the correct Vr at the same time.  

The erroneous automated callout was likely due to a keystroke entry error by the FO when manually entering takeoff data for a newly assigned departure runway.",25-09-2020,CA
11455,20110209X55126,Incident,ENG11IA016,2011-02-09,"MINNEAPOLIS, MN",United States,443112N,0093712W,KMSP,Minneapolis-St.Paul Internatio,Non-Fatal,Minor,Airplane,N704X,BOEING,757,No,2.0,Turbo Fan,121,SCHD,,DELTA AIR LINES INC,0.0,0.0,0.0,2.0,2.0,2.0,VMC,,"the failure of the right engine's fuel control unit to operate correctly when the fuel metering valve became frozen in the full open position because of corrosion on the fuel metering valve slide and sleeve, which caused the engine to be overfueled during engine start and resulted in a tailpipe fire.",25-09-2020,MN
11499,20110222X20316,Incident,CEN11IA198,2011-02-21,"SOUTHLAKE, TX",United States,325349N,0097217W,DFW,Dallas-Fort Worth Int'l.,Non-Fatal,Minor,Airplane,N945AN,BOEING,737,No,2.0,Turbo Fan,121,SCHD,,"American Airlines, Inc.",0.0,0.0,0.0,145.0,145.0,145.0,VMC,,The tractor driverÂs failure to confirm that the tow bar head/handle was secured correctly to the airplane.,25-09-2020,TX
11635,20110406X43157,Accident,ANC11LA022,2011-03-30,"DAYTON, OH",United States,425851N,0085572W,,,Non-Fatal,Substantial,Airplane,N360WA,BOEING,737,No,2.0,Turbo Jet,091,,Positioning,NORTHERN AIR CARGO INC,0.0,0.0,0.0,3.0,3.0,3.0,VMC,,"The flightcrew's inadequate preflight inspection, resulting in in-flight structural damage to the airplane's fuselage from an unsecured pallet jack that was located in the airplane's empty cargo hold.",25-09-2020,OH
11640,20110401X24330,Accident,DCA11MA039,2011-04-01,"YUMA, AZ",United States,323924N,1143621W,NYL,Yuma International Airport,Non-Fatal,Substantial,Airplane,N632SW,BOEING,737,No,2.0,Turbo Fan,121,SCHD,,SOUTHWEST AIRLINES CO,0.0,2.0,0.0,120.0,122.0,122.0,VMC,,"the improper installation of the fuselage crown skin panel at the S-4L lap joint during the manufacturing process, which resulted in multiple site damage fatigue cracking and eventual failure of the lower skin panel. Contributing to the injuries was flight attendant A's incorrect assessment of his time of useful consciousness, which led to his failure to follow procedures requiring immediate donning of an oxygen mask when cabin pressure is lost.",25-09-2020,AZ
11765,20110426X53639,Incident,DCA11IA047,2011-04-26,"CHICAGO, IL",United States,415326N,0873712W,KMDW,Chicago Midway,Non-Fatal,Minor,Airplane,N799SW,BOEING,737,No,2.0,Turbo Fan,121,SCHD,,SOUTHWEST AIRLINES CO,0.0,0.0,0.0,139.0,139.0,139.0,IMC,,"The flight crew's delayed deployment of the speedbrakes and thrust reversers, resulting in insufficient runway remaining to bring the airplane to a stop.

Contributing to the delay in deployment of these stopping devices was the flight crew's inadequate monitoring of the airplane's configuration after touchdown, likely as a result of being distracted by a perceived lack of wheel braking effectiveness.

Contributing to the incident was the flight crew's omission of the Before Landing checklist, which includes an item to verify speedbrake arming before touchdown, as a result of workload and operational distractions during the approach phase of flight.",25-09-2020,IL
11803,20110510X84704,Accident,DCA11FA052,2011-05-06,"GREENVILLE, MS",United States,033289N,0090591W,GLH,Mid Delta Regional Airport,Non-Fatal,Substantial,Airplane,N12221,BOEING,737,No,2.0,,121,NSCH,Positioning,CONTINENTAL AIRLINES INC,0.0,0.0,0.0,2.0,2.0,2.0,,,"The failure of a utility pipe beneath the ramp surface, which caused a localized void in the soil and resulting reduction in the load bearing capability of the ramp.",25-09-2020,MS
11827,20110513X41407,Accident,ERA11CA296,2011-05-12,"ATLANTA, GA",United States,333812N,0842541W,ATL,Hartsfield - Jackson Atlanta,Non-Fatal,Minor,Airplane,N308DE,BOEING,737,No,2.0,Turbo Fan,121,SCHD,,DELTA AIRLINES INC,0.0,0.0,0.0,298.0,298.0,298.0,VMC,,The B737-700 pilot did not maintain adequate wing tip clearance while taxiing around the stopped B-737-800.,25-09-2020,GA
11855,20110519X02343,Accident,DCA11PA075,2011-05-19,"POINT MUGU, CA",United States,034622N,0119751W,KNTD,Naval Base Ventura County,Non-Fatal,Substantial,Airplane,N707AR,BOEING,707,No,4.0,Turbo Fan,PUBU,,Public Aircraft,"Omega Aerial Refueling Services, Inc.",0.0,3.0,0.0,0.0,3.0,3.0,VMC,,"the failure of a midspar fitting, which was susceptible to fatigue cracking and should have been replaced with a newer, more fatigue-resistant version of the fitting as required by an airworthiness directive. Also causal was an erroneous maintenance entry made by a previous aircraft owner, which incorrectly reflected that the newer fitting had been installed.",25-09-2020,CA
11909,20110701X11957,Accident,WPR11LA300,2011-05-31,"LOS ANGELES, CA",United States,335620N,1182417W,LAX,Los Angeles Intl.,Non-Fatal,Minor,Airplane,N526UA,BOEING,757,No,2.0,Turbo Fan,121,SCHD,,United Airlines,0.0,0.0,0.0,190.0,190.0,190.0,VMC,,"The ground crewmembersÂ failure to follow proper procedures for removing a stuck or jammed tow bar, which resulted in a ground crew injury.",25-09-2020,CA
11963,20110621X32040,Accident,DCA11CA073,2011-06-12,"SAN FRANSICO, CA",United States,037375N,1222316W,KSFO,San Francisco International,Non-Fatal,Substantial,Airplane,N571UA,BOEING,757,No,2.0,Turbo Jet,121,SCHD,,UNITED AIR LINES INC,0.0,0.0,0.0,190.0,190.0,190.0,VMC,,The ramp personnel's failure to visually verify the position of the jetway before beginning the airplane pushback.,25-09-2020,CA
12587,20110927X91721,Incident,ENG11IA051,2011-09-26,"DENVER, CO",United States,394459N,0010500W,DEN,Denver International,Non-Fatal,Minor,Airplane,N526UA,BOEING,757,No,2.0,Turbo Fan,121,SCHD,,UNITED AIRlNES INC,0.0,0.0,0.0,185.0,185.0,185.0,,,"**This probable cause was modified on 4/5/2012. Please see the public docket for this accident to view the original probable cause.**


The initial damage to the fan blades was caused by the ingestion of a Red-Tailed Hawk that caused one or more fan blades to fracture, striking the fan case and causing it to bulge. The initial fan blade fragment release impacted and damaged other passing fan blades generating various sized blades fragments. Some of these blade fragments were propelled forward of the fan case by passing fan blades and were reingested, creating a cascading effect of collateral impact damage to the other fan blades, the fan case, and the inlet cowl.",25-09-2020,CO
12643,20111011X01145,Incident,ENG12IA001,2011-10-10,"ATLANTA, GA",United States,334548N,0084246W,ATL,HARTSFIELD - JACKSON ATLANTA I,Non-Fatal,Minor,Airplane,N553NW,BOEING,757,No,2.0,Turbo Jet,121,SCHD,,Delta Air Lines Inc,0.0,0.0,0.0,182.0,182.0,182.0,VMC,,"
the return to service of overhauled airplane engine parts with undetected fatigue cracks, resulting in complete loss of engine power and uncontained engine failure. A contributing factor was the inadequate diffuser and HPT case inspection procedure.",25-09-2020,GA
12702,20111024X74546,Incident,ENG12IA003,2011-10-23,"DETROIT, MI",United States,422059N,0083336W,DTW,Detroit International Airport,Non-Fatal,Minor,Airplane,N661US,BOEING,747,No,4.0,Turbo Jet,121,SCHD,,DELTA AIR LINES INC,0.0,0.0,0.0,394.0,394.0,394.0,,,"The penetration of turbine blade fragments through the rear turbine case, which punctured the No. 4 bearing oil pressure supply tube, allowing misted oil to contact the hot engine case and ignite the undercowl fire.

Contributing to the incident was the installation of approved (but not preferred) stage 3 low pressure turbine outer transition duct segments with the riveted rear seal configuration and the failure of the engine design to comply with the engine debris containment requirements of 14 Code of Federal Regulations 33.13 and 33.75.",25-09-2020,MI
12859,20111214X53854,Accident,DCA12CA021,2011-12-09,"ATLANTA, GA",United States,333755N,0842559W,ATL,Hartsfield - Jackson Atlanta I,Non-Fatal,Minor,Airplane,N303DQ,BOEING,737,No,2.0,Turbo Fan,121,SCHD,,DELTA AIR LINES INC,0.0,0.0,0.0,279.0,279.0,279.0,VMC,,the failure of the captain of N303DQ to maintain a safe clearance from N583NW that was stopped on the taxiway.,25-09-2020,GA
12891,20120105X34138,Incident,CEN12IA123,2011-12-22,"DENVER, CO",United States,039451N,1045959W,DEN,Denver International Airport,Non-Fatal,Minor,Airplane,N469WN,BOEING,737,No,2.0,Turbo Fan,121,SCHD,,SOUTHWEST AIRLINES CO,0.0,0.0,0.0,133.0,133.0,133.0,IMC,,"The snowplow operatorÂs incapacitation due to fatigue, which resulted in the snowplow contacting a parked airplane. Contributing to the incident was the companyÂs lack of a policy regarding employee fatigue.",25-09-2020,CO
12941,20120118X91324,Accident,ERA12LA147,2012-01-16,"HUNTINGTON, WV",United States,038221N,0823331W,HTS,Tri-State Airport,Non-Fatal,Substantial,Airplane,N839EX,BOEING,DHC-8-102,No,2.0,Turbo Prop,121,SCHD,,Piedmont Airlines Incorporated,0.0,0.0,0.0,36.0,36.0,36.0,VMC,,"The inadequate communication among ground crew personnel, which resulted in the airplaneÂs collision with a deice truck.",25-09-2020,WV
13456,20120530X64155,Accident,DCA12CA082,2012-05-30,"CHICAGO, IL",United States,415824N,0875412W,ORD,Chicago OÂHare International,Non-Fatal,Minor,Airplane,B16481,BOEING,747,No,4.0,Turbo Fan,129,SCHD,,EVA AIRWAYS CORP,0.0,0.0,0.0,24.0,24.0,24.0,VMC,,the 747 flight crew's failure to maintain a safe clearance with the EMB-135 that was stopped on a taxiway.,25-09-2020,IL
13789,20120727X13551,Incident,DCA12IA113,2012-07-27,"EL PASO, TX",United States,314826N,1062235W,KELP,El Paso International Airport,Non-Fatal,Minor,Airplane,N379SW,BOEING,737,No,2.0,Turbo Fan,121,SCHD,,SOUTHWEST AIRLINES CO,0.0,0.0,0.0,76.0,76.0,76.0,VMC,,the rupture of the nose landing gear hydraulic line that resulted from abrasions due to contact with the nose landing gear tire. Contributing to the incident was the incorrect installation of union and restrictor on the actuator.,25-09-2020,TX
13816,20120802X03552,Incident,CEN12IA502,2012-07-31,"DENVER, CO",United States,395142N,1044023W,DEN,Denver International Airport,Non-Fatal,Minor,Airplane,N37420,BOEING,737,No,2.0,Turbo Fan,121,SCHD,,UNITED AIR LINES INC,0.0,0.0,0.0,157.0,157.0,157.0,VMC,,"An in-flight collision with a bird during descent to land, which resulted in damage to the left pitot tube and loss of airspeed information to the left and right primary flight displays (PFD). The reason for the total loss of indications on the left PFD could not be determined based on available evidence.",25-09-2020,CO
14184,20121005X05550,Accident,CEN13LA004,2012-10-05,"MILWAUKEE, WI",United States,425629N,0875329W,KMKE,General Mitchell International,Non-Fatal,Substantial,Airplane,N894AT,BOEING,717-200,No,2.0,Turbo Fan,121,SCHD,,"Southwest Airlines, Inc.",0.0,0.0,0.0,108.0,108.0,108.0,VMC,,"An obstruction (a sleeve of cups) that lodged under the catering truck brake pedal, which prevented the driver from stopping the truck before it struck the parked airplane.",25-09-2020,WI
14583,20130227X80547,Incident,ENG13IA016,2013-02-25,"DALLAS, TX",United States,032547N,0097231W,,,Non-Fatal,Minor,Airplane,B18701,BOEING,747,No,4.0,Turbo Fan,129,SCHD,,China Airlines,0.0,0.0,0.0,3.0,3.0,3.0,Unk,,"Fuel leaking from a fractured fuel manifold feeder line that ignited on contact with the engineÂs hot compressor rear frame, which resulted in an engine undercowl fire. The fuel manifold feeder line failed due to high amplitude fatigue because the fuel manifold resonance frequencies were within the engine operation range. Contributing to the incident was that the engine was overhauled about the same time as the most current fuel manifold configuration that addressed the high amplitude fatigue failure mode was introduced, thus it was not installed on the engine.",14-06-2021,TX
14614,20130314X14422,Accident,DCA13CA065,2013-03-08,"ATLANTA, GA",United States,333812N,0842540W,KATL,Hartsfield/Jackson,Non-Fatal,Substantial,Airplane,N698DL,BOEING,757,No,2.0,Turbo Fan,121,SCHD,,DELTA AIR LINES INC,0.0,0.0,0.0,148.0,148.0,148.0,VMC,,the pilot's failure to maintain correct airspeed and pitch attitude at touchdown.,25-09-2020,GA
14840,20130511X04905,Incident,WPR13IA226,2013-05-10,"PHOENIX, AZ",United States,033262N,0112025W,PHX,Phoenix Sky Harbor Int'l,Non-Fatal,Minor,Airplane,N913WN,BOEING,737,No,2.0,Turbo Fan,121,SCHD,,SOUTHWEST AIRLINES CO,0.0,0.0,0.0,59.0,59.0,59.0,VMC,,"The failure of the tug operator and wing walker to adequately monitor the environment during pushback of the airplane from the gate in preparation for flight, which led to the collision of the airplane with an adjacently parked airplane. ",25-09-2020,AZ
14885,20130524X83830,Incident,ENG13IA027,2013-05-19,"ATLANTA, GA",United States,333827N,0842540W,ATL,HARTSFIELD - JACKSON ATLANTA I,Non-Fatal,Minor,Airplane,B18701,BOEING,747,No,4.0,Turbo Fan,129,SCHD,,China Airlines Ltd.,0.0,0.0,0.0,3.0,3.0,3.0,VMC,,Failure of the right inboard foreflap outboard fitting due to fatigue and bearing anomalies on the sequence carriages which resulted in the partial separation of the right inboard foreflap. Contributing to the incident was the failure of maintenance personnel to detect the fatigue cracking and bearing anomalies during dedicated inspections.,25-09-2020,GA
15111,20130707X83745,Accident,DCA13MA120,2013-07-06,"SAN FRANCISCO, CA",United States,373648N,1222150W,SFO,San Francisco International,Fatal,Destroyed,Airplane,HL7742,BOEING,777,No,2.0,Turbo Fan,129,SCHD,,Asiana Airlines,3.0,137.0,50.0,117.0,304.0,307.0,VMC,,"The  flight  crew's  mismanagement  of  the  airplane's  descent  during  the  visual approach, the pilot flying's unintended deactivation of automatic airspeed control, the flight crew's inadequate monitoring of airspeed, and the flight crew's delayed execution of a go-around after  they  became  aware  that  the  airplane  was  below  acceptable  glidepath  and  airspeed tolerances.  

Contributing  to  the  accident  were  (1)  the  complexities  of  the  autothrottle  and autopilot flight director systems that were inadequately described in Boeing's documentation and Asiana's pilot training, which increased the likelihood of mode error; (2) the flight crew's nonstandard communication and coordination regarding the use of the autothrottle and autopilot flight director systems; (3) the pilot flying's inadequate training on the planning and executing of visual approaches; (4) the pilot monitoring/instructor pilot's inadequate supervision of the pilot flying; and (5) flight crew fatigue, which likely degraded their performance.",14-06-2021,CA
15188,20130723X13256,Accident,DCA13FA131,2013-07-22,"FLUSHING, NY",United States,404638N,0735221W,LGA,LA GUARDIA,Non-Fatal,Substantial,Airplane,N753SW,BOEING,737,No,2.0,Turbo Fan,121,SCHD,,SOUTHWEST AIRLINES CO,0.0,8.0,0.0,141.0,149.0,149.0,VMC,,The captain's attempt to recover from an unstabilized approach by transferring airplane control at low altitude instead of performing a go-around. Contributing to the accident was the captain's failure to comply with standard operating procedures.,13-09-2021,NY
15786,20131224X22946,Incident,ENG14IA005,2013-12-23,"ST. LOUIS, MO",United States,038451N,0902232W,STL,ST LOUIS LAMBERT INTL,Non-Fatal,Minor,Airplane,N360SW,BOEING,737,No,2.0,Turbo Fan,121,SCHD,,SOUTHWEST AIRLINES CO,0.0,0.0,0.0,107.0,107.0,107.0,Unk,,"The initial damage to the fan blades was caused by the ingestion of two mallard ducks that caused one or more fan blades to fracture, striking the fan shroud, as well as other passing fan blades, producing various sized blades fragments that created a cascading effect of collateral impact damage to the other fan blades, the fan case, and the inlet cowl. One large blade fragment was deflected out of the fan containment plane, which pierced and exited the inlet cowl in a benign direction.

The engine and airplane met the applicable bird and containment design standards since the engine did not catch on fire, no engine cases exhibited any penetrations, the engine was able to be shutdown normally, and the airplane damage did not impact the safe operation of the airplane or create a hazard to the persons on board.",25-09-2020,MO
15815,20140109X32656,Accident,DCA14CA034,2014-01-04,"LAS VEGAS, NV",United States,036448N,0011598W,LAS,MC CARRAN INTL,Non-Fatal,Substantial,Airplane,N8327A,BOEING,737,No,2.0,Turbo Fan,121,SCHD,,SOUTHWEST AIRLINES CO,0.0,0.0,0.0,180.0,180.0,180.0,VMC,,the captain's over rotation during the bounced landing.,25-09-2020,NV
16529,20140714X45633,Incident,ENG14IA019,2014-07-11,"LOS ANGELES, CA",United States,335630N,1182430W,LAX,LOS ANGELES INTL,Non-Fatal,Minor,Airplane,N139DL,BOEING,767,No,2.0,Turbo Fan,121,SCHD,,Delta Air Lines,0.0,0.0,0.0,208.0,208.0,208.0,Unk,,"The combination of fuel leaking from the integrated drive generator (IDG) fuel/oil heat exchanger and the coincident arcing of the IDG power feeder cables that ignited the leaking fuel.  Contributing to the ignition of the fuel was the misrouting of the IDG power feeder cables, which resulted in chaffed cables that exposed the electrical wire that contacted a metal bracket, creating an arc.",25-09-2020,CA
16630,20140806X21104,Accident,DCA14LA137,2014-07-30,"SAN DIEGO, CA",United States,324359N,1171117W,SAN,SAN DIEGO INTL,Non-Fatal,Substantial,Airplane,N553UA,BOEING,757,No,2.0,Turbo Fan,121,SCHD,,United Airlines,0.0,0.0,0.0,174.0,174.0,174.0,VMC,,the first officer's failure to maintain the correct airspeed and pitch attitude during landing that resulted in a tailstrike.,25-09-2020,CA
16714,20140814X52852,Accident,WPR14LA346,2014-08-14,"SALT LAKE CITY, UT",United States,404711N,1115823W,SLC,SALT LAKE CITY INTL,Non-Fatal,Substantial,Airplane,N758SW,BOEING,737,No,2.0,Turbo Fan,121,SCHD,,SOUTHWEST AIRLINES CO,0.0,0.0,0.0,5.0,5.0,5.0,VMC,,"The disconnection of baggage carts that subsequently collided with the parked airplane following the tug driving over a dip in the roadway.
",25-09-2020,UT
16880,20140918X21722,Accident,DCA14CA161,2014-09-16,"MIAMI, FL",United States,254557N,0080138W,MIA,MIAMI INTL,Non-Fatal,Substantial,Airplane,N654A,BOEING,757,No,2.0,Turbo Fan,121,SCHD,,AMERICAN AIRLINES INC,0.0,0.0,0.0,172.0,172.0,172.0,VMC,,"The failure of the first officer to control the airplane pitch after touchdown. Contributing to the accident was the first officers inexperience in the aircraft type.
",25-09-2020,FL
17003,20141017X44013,Accident,DCA15LA011,2014-10-17,"LANAI, HI",United States,204648N,0156570W,LNY,Lanai Airport,Non-Fatal,Substantial,Airplane,N301KH,BOEING,737,No,2.0,Turbo Fan,121,NSCH,,ALOHA AIRLINES INC,0.0,0.0,0.0,3.0,3.0,3.0,VMC,,"the improper loading and securing of the cargo pallets, which shifted on departure, resulting in substantial damage to the aft pressure bulkhead.",25-09-2020,HI
17110,20141121X15631,Accident,DCA15CA025,2014-11-21,"DALLAS, TX",United States,325030N,0096510W,DAL,Dallas,Non-Fatal,Minor,Airplane,N263WN,BOEING,737,No,2.0,Turbo Fan,091,,Flight Test,Southwest Airlines,0.0,0.0,0.0,179.0,179.0,179.0,VMC,,N263WN captain's failure to maintain a safe clearance from the parked N8314L resulting in a ground collision.,25-09-2020,TX
18033,20150805X75232,Incident,CEN15IA337,2015-08-05,"DENVER, CO",United States,395142N,1044023W,KDEN,Denver International Airport,Non-Fatal,Minor,Airplane,N779SW,BOEING,737,No,2.0,Turbo Fan,121,SCHD,,Southwest Airlines,0.0,0.0,0.0,148.0,148.0,148.0,VMC,,"The gate lead/pushback driver's failure to recognize that the provisioning truck was within the safety zone of the gate during his walkaround due to distractions, which resulted in the subsequent collision between the airplane and the truck. Contributing to the collision was the provisioning truck driver's failure to recognize he was parked in the safety zone of an active gate adjacent to his assigned gate, and the guide agent's improper assumption that the safety zone was properly cleared by the gate lead/pushback driver.",25-09-2020,CO
18206,20150908X35241,Accident,DCA15FA185,2015-09-08,"LAS VEGAS, NV",United States,036459N,0011595W,KLAS,"Las Vegas, McCarran Internatio",Non-Fatal,Substantial,Airplane,G-VIIO,BOEING,777,No,2.0,Turbo Fan,129,SCHD,,BRITISH AIRWAYS PLC,0.0,19.0,1.0,150.0,170.0,170.0,VMC,,"The failure of the left engine high-pressure compressor (HPC) stage 8-10 spool, which caused the main fuel supply line to become detached from the engine main fuel pump and release fuel, resulting in a fire on the left side of the airplane. The HPC stage 8-10 spool failed due to a sustained-peak low-cycle fatigue crack that initiated in the web of the stage 8 disk; the cause of the crack initiation could not be identified by physical inspection and stress and lifing analysis. Contributing to this accident was the lack of inspection procedures for the stage 8 disk web.",13-09-2021,NV
18555,20151216X41606,Accident,DCA16LA032,2015-12-15,"NASHVILLE, TN",United States,003660N,0086360W,KBNA,Nashville International Airpor,Non-Fatal,Substantial,Airplane,N649SW,BOEING,737,No,2.0,Turbo Fan,121,SCHD,,Southwest Airlines,0.0,0.0,0.0,138.0,138.0,138.0,VMC,,"the flight crew's early turn towards the assigned gate because taxiway lighting had been inadvertently turned off by the controller-in-charge which resulted in the airplane leaving the paved surface.

 

Contributing to the accident was the operation of the screen-saver function on the lighting control panel that prevented the tower controllers from having an immediate visual reference to the status of the airfield lighting.",25-09-2020,TN
18726,20160218X94149,Accident,DCA16CA094,2016-02-17,"DETROIT, MI",United States,421227N,0083217W,DTW,DETROIT METROPOLITAN WAYNE COU,Non-Fatal,Minor,Airplane,N925NN,BOEING,737,No,2.0,Turbo Fan,121,SCHD,,American Airlines,0.0,0.0,0.0,155.0,155.0,155.0,VMC,,"N925NN flight crew's incorrect evaluation of the clearance between the two aircraft, leading to the inadvertent collision of the winglet with the horizontal stabilizer and elevator of N784SW.",25-09-2020,MI
18782,20160330X72920,Accident,DCA16CA113,2016-03-05,"ALBUQUERQUE, NM",United States,035112N,0106300W,KABQ,Albuquerque,Non-Fatal,Substantial,Airplane,N305UP,BOEING,767,No,2.0,Turbo Fan,121,NSCH,,UNITED PARCEL SERVICE CO,0.0,0.0,0.0,2.0,2.0,2.0,VMC,,the pilot flying's failure to maintain airspeed and correct pitch attitude.  Contributing to the accident was the pilot's failure to maintain appropriate thrust after disconnecting the autothrottles.  Also contributing was the first officer's failure to monitor the decaying airspeed and increasing pitch.,25-09-2020,NM
19497,20160805X44633,Accident,DCA16CA207,2016-08-05,"BALTIMORE, MD",United States,003900N,0007600W,KBWI,Baltimore/Thurgood Marshall In,Non-Fatal,Substantial,Airplane,N368SW,BOEING,737,No,2.0,Turbo Fan,121,SCHD,,Southwest Airlines,0.0,0.0,0.0,134.0,134.0,134.0,VMC,,the tug operators excessive speed during pushback.,25-09-2020,MD
19527,20160811X81653,Accident,DCA16CA211,2016-08-10,"NEW YORK, NY",United States,403824N,0734648W,KJFK,John F Kennedy International A,Non-Fatal,Substantial,Airplane,N3762Y,BOEING,737,No,2.0,Turbo Fan,121,SCHD,,Delta Air Lines,0.0,0.0,0.0,168.0,168.0,168.0,VMC,,inadvertent collision by ground service vehicle.,25-09-2020,NY
19600,20160827X31134,Accident,DCA16FA217,2016-08-27,"PENSACOLA, FL",United States,302824N,0871112W,KPNS,Pensacola,Non-Fatal,Substantial,Airplane,N766SW,BOEING,737,No,2.0,Turbo Fan,121,SCHD,,Southwest Airlines,0.0,0.0,0.0,104.0,104.0,104.0,VMC,,"A low-cycle fatigue crack in the dovetail of fan blade No. 23, which resulted in the fan blade separating in flight and impacting the fan case. This impact caused the fan blade to fracture into fragments that traveled farther than expected into the inlet, which compromised the structural integrity of the inlet and led to the in-flight separation of inlet components. A portion of the inlet struck the fuselage and created a hole, causing the cabin to depressurize.",04-01-2021,FL
19903,20161027X20715,Incident,DCA17IA020,2016-10-27,"NEW YORK, NY",United States,040469N,0073536W,LGA,New Yor La Guardia,Non-Fatal,Minor,Airplane,N278EA,BOEING,737,No,2.0,Turbo Fan,121,NSCH,,"Eastern Airlines Group, Inc.,",0.0,0.0,0.0,48.0,48.0,48.0,IMC,,"The first officer's failure to attain the proper touchdown point and the flight crew's failure to call for a go-around, which resulted in the airplane landing more than halfway down the runway. Contributing to the incident were, the first officer's initiation of the landing flare at a relatively high altitude and his delay in reducing the throttles to idle, the captain's delay in manually deploying the speed brakes after touchdown, the captain's lack of command authority, and a lack of robust training provided by the operator to support the flight crew's decision-making concerning when to call for a go-around.",25-09-2020,NY
19908,20161028X72837,Accident,DCA17FA021,2016-10-28,"CHICAGO, IL",United States,041588N,0087554W,KORD,Chicago O'Hare International A,Non-Fatal,Substantial,Airplane,N345AN,BOEING,767,No,2.0,Turbo Fan,121,SCHD,,AMERICAN AIRLINES INC,0.0,20.0,1.0,149.0,170.0,170.0,VMC,,"The failure of the high-pressure turbine (HPT) stage 2 disk, which severed the main engine fuel feed line and breached the right main wing fuel tank, releasing fuel that resulted in a fire on the right side of the airplane during the takeoff roll. The HPT stage 2 disk failed because of low-cycle fatigue cracks that initiated from an internal subsurface manufacturing anomaly that was most likely not detectable during production inspections and subsequent in service inspections using the procedures in place. Contributing to the serious passenger injury was (1) the delay in shutting down the left engine and (2) a flight attendant's deviation from company procedures, which resulted in passengers evacuating from the left overwing exit while the left engine was still operating. Contributing to the delay in shutting down the left engine was (1) the lack of a separate checklist procedure for Boeing 767 airplanes that specifically addressed engine fires on the ground and (2) the lack of communication between the flight and cabin crews after the airplane came to a stop.",15-06-2021,IL
20586,20170523X12020,Accident,DCA17LA122,2017-05-21,"RALEIGH, NC",United States,355239N,0784754W,KRDU,Raleigh-Durham International,Non-Fatal,Substantial,Airplane,N633DL,BOEING,757,No,2.0,Turbo Fan,121,SCHD,,Delta Air Lines,0.0,0.0,0.0,186.0,186.0,186.0,VMC,,"the first officer's failure to attain a proper landing flare, which resulted in a tail strike.",25-09-2020,NC
20657,20170608X90705,Incident,ENG17IA027,2017-06-03,"WASHINGTON, DC",United States,385655N,0077271W,IAD,WASHINGTON DULLES INTL,Non-Fatal,Minor,Airplane,N765SW,BOEING,737,No,2.0,Turbo Fan,121,SCHD,,SOUTHWEST AIRLINES CO,0.0,0.0,0.0,67.0,67.0,67.0,Unk,,"The failure the control alternator gearshaft, which disconnected the accessory gearbox from the rest of the engine and resulted in an uncommanded in-flight shutdown of the left engine and subsequent flight diversion.  The control alternator gearshaft failed because of high cycle fatigue intergranular corrosion cracking.  Contributing to the failure of the control alternator gearshaft were additional manufacturing processing steps to address part non-conformances that reduced its high cycle fatigue capability and potential change in vibratory environment since the last shop visit.",25-09-2020,DC
21073,20170816X35104,Accident,DCA17CA181,2017-08-15,"QUEENS, NY",United States,403852N,0734556W,JFK,JOHN F KENNEDY INTL,Non-Fatal,Substantial,Airplane,N175AN,BOEING,757,No,2.0,Turbo Fan,121,SCHD,,American Airlines,0.0,0.0,0.0,295.0,295.0,295.0,VMC,,the Delta B737 captain's failure to maintain proper clearance between his airplane and the stopped American B757.,25-09-2020,NY
21220,20170913X72254,Accident,DCA17CA195,2017-09-12,"LOS ANGELES, CA",United States,003300N,0011800W,LAX,Los Angeles International Airp,Non-Fatal,Substantial,Airplane,C-GHOZ,BOEING,767,No,2.0,,129,SCHD,,Air Canada,0.0,0.0,0.0,140.0,140.0,140.0,VMC,,the B737 flight crew's misjudgment of the clearance between their wingtip and the B767 horizontal stabilizer.,25-09-2020,CA
21318,20171003X23920,Accident,DCA18CA001,2017-10-02,"CHICAGO, IL",United States,414711N,0874443W,KMDW,Chicago Midway International A,Non-Fatal,Substantial,Airplane,N930WN,BOEING,737,No,2.0,Turbo Fan,121,SCHD,,Southwest Airlines,0.0,0.0,0.0,84.0,84.0,84.0,VMC,,"the mechanical failure of the tugs fuel governor, which made it difficult for the ramp agent to stop the tug.  Contributing to the accident was the lack of guidance on how ground personnel were to handle vehicle malfunctions.",25-09-2020,IL
21732,20180213X95634,Incident,DCA18IA092,2018-02-13,"HONOLULU, HI",United States,021194N,1575513W,KHNL,Honolulu,Non-Fatal,Minor,Airplane,N773UA,BOEING,777,No,2.0,Turbo Fan,121,SCHD,,UNITED AIRLINES INC,0.0,0.0,0.0,378.0,378.0,378.0,VMC,,"the fracture of a fan blade due to P&W's continued classification of the TAI inspection process as a new and emerging technology that permitted them to continue accomplishing the inspection without having to develop a formal, defined initial and recurrent training program or an inspector certification program.  The lack of training resulted in the inspector making an incorrect evaluation of an indication that resulted in a blade with a crack being returned to service where it eventually fractured.  

Contributing to the fracture of the fan blade was the lack of feedback from the process engineers on the fan blades the inspectors sent to the process engineers for evaluation of indications that they had found.",25-09-2020,HI
21927,20180417X23642,Accident,DCA18MA142,2018-04-17,"PHILADELPHIA, PA",United States,395219N,0751424W,KPHL,Philadelphia,Fatal,Substantial,Airplane,N772SW,BOEING,737,No,2.0,Turbo Fan,121,SCHD,,SOUTHWEST AIRLINES CO,1.0,125.0,8.0,6.0,139.0,140.0,VMC,,"A low-cycle fatigue crack in the dovetail of fan blade No. 13, which resulted in the fan blade separating in flight and impacting the engine fan case at a location that was critical to the structural integrity and performance of the fan cowl structure. This impact led to the in-flight separation of fan cowl components, including the inboard fan cowl aft latch keeper, which struck the fuselage near a cabin window and caused the window to depart from the airplane, the cabin to rapidly depressurize, and the passenger fatality.",15-06-2021,PA
22031,20180507X00658,Accident,DCA18CA169,2018-05-07,"BALTIMORE, MD",United States,391045N,0076402W,KBWI,Baltimore/Thurgood Marshall In,Non-Fatal,Substantial,Airplane,N8655D,BOEING,737,No,2.0,Turbo Fan,121,SCHD,,SOUTHWEST AIRLINES CO,0.0,0.0,0.0,179.0,179.0,179.0,VMC,,The maintenance truck driver's failure to give way to the airplane that resulted in the truck colliding with the taxiing aircraft.,13-09-2021,MD
22042,20180509X84221,Incident,DCA18WA177,2018-05-08,GUAYAQUIL,United States,,,,,,Minor,Airplane,N342AN,BOEING,767,No,2.0,Turbo Fan,121,SCHD,,American Airlines,0.0,0.0,0.0,0.0,0.0,0.0,,,,25-09-2020,IL
22512,20180727X04921,Accident,DCA18CA252,2018-07-27,"PORTSMOUTH, NH",United States,043441N,0704924W,PSM,Portsmouth Intl At Pease,Non-Fatal,Substantial,Airplane,N641GT,BOEING,767,No,2.0,Turbo Fan,121,NSCH,,Atlas Air Inc,0.0,0.0,0.0,250.0,250.0,250.0,VMC,,an improper landing flare technique and the lack of the appropriate bounced landing recovery procedure.,,
22543,20180816X41010,Accident,DCA18CA266,2018-07-31,"PHILADELPHIA, PA",United States,395228N,0751433W,KPHL,Philadelphia Int'l,Non-Fatal,Substantial,Airplane,N192AN,BOEING,757,No,2.0,Turbo Fan,121,SCHD,,American Airlines,0.0,0.0,0.0,181.0,181.0,181.0,VMC,,"The captain's improper control of the airplane during the landing flare.
 ",08-06-2021,PA
22787,20180913X21320,Incident,ENG18IA036,2018-09-06,"ATLANTA, GA",United States,033450N,0842325W,,,,Minor,Airplane,N668DN,BOEING,757,No,2.0,Turbo Fan,121,SCHD,,Delta Air Lines,0.0,0.0,0.0,0.0,0.0,0.0,,,,25-09-2020,GA
23215,20181231X63848,Accident,DCA19CA066,2018-12-31,"CHARLOTTE, NC",United States,351249N,0805656W,KCLT,Charlotte Douglas,,Substantial,Airplane,N938UW,BOEING,757,No,2.0,Turbo Fan,121,SCHD,,American Airlines,0.0,0.0,0.0,0.0,0.0,0.0,IMC,,an inadvertent loss of airspeed and increased pitch attitude prior to touchdown.,26-09-2020,NC
23290,20190130X94935,Accident,DCA19LA070,2019-01-29,"TUSCALOOSA, AL",United States,331312N,0873636W,KTCL,Tuscaloosa Regional Airport,Non-Fatal,Substantial,Airplane,N720CK,BOEING,737,No,3.0,Turbo Fan,121,NSCH,,Kalitta Charters Ii Llc,0.0,0.0,0.0,4.0,4.0,4.0,VMC,,the captain's decision to continue the landing with an unsafe gear indication.,26-09-2020,AL
23357,20190223X60222,Accident,DCA19MA086,2019-02-23,"TRINITY BAY, TX",United States,294612N,0943936W,KIAH,George Bush Intercontinental,Fatal,Destroyed,Airplane,N1217A,BOEING,767,No,2.0,Turbo Fan,121,NSCH,,Atlas Air,3.0,0.0,0.0,0.0,0.0,3.0,IMC,,"The inappropriate response by the first officer as the pilot flying to an inadvertent activation of the go-around mode, which led to his spatial disorientation and nose-down control inputs that placed the airplane in a steep descent from which the crew did not recover. Contributing to the accident was the captain's failure to adequately monitor the airplane's flightpath and assume positive control of the airplane to effectively intervene. Also contributing were systemic deficiencies in the aviation industry's selection and performance measurement practices, which failed to address the first officer's aptitude-related deficiencies and maladaptive stress response. Also contributing to the accident was the Federal Aviation Administration's failure to implement the pilot records database in a sufficiently robust and timely manner.",15-06-2021,TX
23415,20190311X61805,Accident,DCA19CA105,2019-03-11,"ATLANTA, GA",United States,333825N,0842539W,KATL,Hartsfield-Jackson Atlanta Int,Non-Fatal,Minor,Airplane,N3756,BOEING,737,No,2.0,,121,SCHD,,Delta Air Lines,0.0,0.0,0.0,406.0,406.0,406.0,VMC,,,13-12-2021,GA
23474,20190401X22803,Accident,DCA19CA130,2019-03-28,"NASHVILLE, TN",United States,036728N,0864041W,KBNA,Nashville International Airpor,,Substantial,Airplane,N249WN,BOEING,737,No,2.0,Turbo Fan,121,SCHD,,Southwest Airlines,0.0,0.0,0.0,0.0,0.0,0.0,VMC,,a collision with a bird.,26-09-2020,TN
23609,20190504X04947,Accident,DCA19MA143,2019-05-04,"JACKSONVILLE, FL",United States,301354N,0813937W,NIP,JACKSONVILLE NAS (TOWERS FLD),Non-Fatal,Substantial,Airplane,N732MA,BOEING,737,No,2.0,Turbo Fan,121,NSCH,,Miami Air International,0.0,1.0,0.0,142.0,143.0,143.0,IMC,,"An extreme loss of braking friction due to heavy rain and the water depth on the ungrooved runway, which resulted in viscous hydroplaning. Contributing to the accident was the operatorÂs inadequate guidance for evaluating runway braking conditions and conducting en route landing distance assessments. Contributing to the continuation of an unstabilized approach were 1) the captainÂs plan continuation bias and increased workload due to the weather and performing check airman duties and 2) the first officerÂs lack of experience.",04-08-2021,FL
23810,20190619X25315,Accident,DCA19CA169,2019-06-09,"DENVER, CO",United States,039453N,0010503W,,,,Substantial,Airplane,N75436,BOEING,737,No,2.0,,121,SCHD,,UNITED AIR LINES INC,0.0,0.0,0.0,0.0,0.0,0.0,,,,26-09-2020,CO
23849,20190617X92437,Accident,DCA19CA167,2019-06-15,"NEWARK, NJ",United States,404133N,0074107W,KEWR,Newarl International,,Substantial,Airplane,N26123,BOEING,757,No,2.0,,121,SCHD,,United Airlines,0.0,0.0,0.0,0.0,0.0,0.0,VMC,,,26-09-2020,NJ
24081,20190726X91707,Accident,DCA19CA186,2019-07-23,"SAN FRANCISCO, CA",United States,374626N,1222553W,KSFO,San Francisco International,,Substantial,Airplane,N57852,BOEING,757,No,2.0,,121,SCHD,,United Airlines,0.0,0.0,0.0,0.0,0.0,0.0,VMC,,,26-09-2020,CA
24149,20190808X43724,Accident,DCA19CA192,2019-08-06,"SAN FRANCISCO, CA",United States,374646N,1222513W,,,,Minor,Airplane,N37437,BOEING,737,No,2.0,,121,SCHD,,UNITED AIR LINES INC,0.0,0.0,0.0,0.0,0.0,0.0,,,,,CA
24700,20200110X80637,Accident,DCA20CA050,2019-12-22,"KANSAS CITY, MO",United States,003965N,0942839W,MCI,Kansas City Intl,,Substantial,Airplane,N7739A,BOEING,737,No,2.0,,121,SCHD,,Southwest Airlines,0.0,0.0,0.0,0.0,0.0,0.0,VMC,,,26-09-2020,MO
24705,20200107X35017,Accident,DCA20LA047,2019-12-23,"DENVER, CO",United States,394458N,0010503W,DEN,Denver International,Non-Fatal,Substantial,Airplane,N87513,BOEING,737,No,2.0,,121,SCHD,,United Airlines,0.0,0.0,0.0,178.0,178.0,178.0,,,,13-09-2021,CO
24757,20200109X21704,Accident,DCA20CA049,2020-01-08,"NEW YORK, NY",United States,404637N,0735226W,KLGA,LaGuardia Airport,Non-Fatal,Substantial,Airplane,N929NN,BOEING,737,No,2.0,Turbo Fan,121,SCHD,,American Airlines,0.0,0.0,0.0,121.0,121.0,121.0,Unk,,failure of the deicing truck driver to maintain appropriate clearance from the airplane.,26-09-2020,NY
24828,20200211X10757,Accident,DCA20CA077,2020-02-03,"LOS ANGELES, CA",United States,335630N,1182431W,LAX,Los Angeles International,,Substantial,Airplane,N703CK,BOEING,747,No,4.0,,121,NSCH,,Kalitta Air,0.0,0.0,0.0,0.0,0.0,0.0,VMC,,,26-09-2020,CA
24974,20200321X14202,Accident,DCA20CA095,2020-03-21,"LAS VEGAS, NV",United States,036448N,0011598W,KLAS,McCarran International Airport,Non-Fatal,Substantial,Airplane,N193AN,BOEING,757,No,2.0,,121,SCHD,,American Airlines,0.0,0.0,0.0,127.0,127.0,127.0,VMC,,the excessive pitch attitude at touchdown.,,
25558,20200826X34514,Accident,DCA20LA138,2020-08-19,"LOS ANGELES, CA",United States,033589N,1181422W,,,Non-Fatal,Substantial,Airplane,N146FE,BOEING,767,No,2.0,Turbo Fan,121,NSCH,,Federal Express,0.0,0.0,1.0,1.0,2.0,2.0,,,,26-09-2020,CA
26135,20210130102575,Incident,ENG21LA013,2021-01-29,"ONTARIO, CA",United States,034322N,0117365W,,,,Minor,Airplane,N363CM,BOEING,767,No,2.0,Turbo Fan,129,SCHD,,MasAir,0.0,0.0,0.0,0.0,0.0,0.0,Unk,,"The fatigue fracture and liberation of two airfoils from a low pressure turbine stage 5 nozzle segment that impacted and damaged the downstream low pressure stage 5 blades creating an initial imbalance load in the engineÂs low pressure turbine rotor sufficient to allow all the low pressure turbine blades to lose radial blade clearance, contact static structure, and to fracture transversely across the airfoil.  The progressive failure of the low pressure rotor caused an increasingly imbalanced load that eventually resulted in the fracture of the oil supply tube that allowed oil to contact hot engine parts and smolder and ignite resulting in the undercowl fire.",20-12-2021,CA
26188,20210220102652,Incident,DCA21FA085,2021-02-20,"BROOMFIELD, CO",United States,395545N,1045752W,,,Non-Fatal,Minor,Airplane,N772UA,BOEING,777,No,2.0,,121,SCHD,,United Airlines,0.0,0.0,0.0,239.0,239.0,239.0,,,,10-03-2021,CO
26554,20210524103134,Accident,DCA21LA133,2021-05-21,"CHICAGO, IL",United States,041476N,0087457W,KMDW,Midway,Non-Fatal,Substantial,Airplane,N289CT,BOEING,737,No,2.0,,121,SCHD,,,0.0,0.0,0.0,214.0,214.0,214.0,,,,,IL
26583,20210529103164,Accident,DCA21LA137,2021-05-28,"DALLAS, TX",United States,325348N,0097217W,DFW,Dallas Fort Worth Internationa,Non-Fatal,Substantial,Airplane,N834NN,BOEING,737,No,2.0,,121,SCHD,,AMERICAN AIRLINES INC,0.0,0.0,0.0,166.0,166.0,166.0,,,,,TX
26767,20210702103407,Accident,DCA21FA174,2021-07-02,"HONOLULU, HI",United States,021950N,0158047E,,HNL,Non-Fatal,Destroyed,Airplane,N810TA,BOEING,737,No,2.0,,121,NSCH,,RHOADES AVIATION INC,0.0,1.0,1.0,0.0,2.0,2.0,VMC,,,02-08-2021,HI
27184,20211001104015,Accident,DCA22LA002,2021-09-27,"NEWARK, NJ",United States,404133N,0074107W,KEWR,Newark Liberty International A,Non-Fatal,Substantial,Airplane,N12125,BOEING,757,No,2.0,,121,SCHD,,United Airlines,0.0,0.0,0.0,172.0,172.0,172.0,,,,,NJ
27384,20211206104355,Accident,DCA22LA038,2021-11-29,"MIAMI, FL",United States,252812N,0801012W,,,Non-Fatal,Substantial,Airplane,N705CK,BOEING,747,No,4.0,,121,NSCH,,KALITTA AIR LLC,0.0,0.0,0.0,3.0,3.0,3.0,,,,,FL
27516,20220204104596,Incident,ENG22FA009,2022-02-04,"LAS VEGAS, NV",United States,036435N,0115831W,LAS,Harry Reid International Airpo,Non-Fatal,Minor,Airplane,N817SY,BOEING,737,No,2.0,,121,SCHD,,"Sun Country Airlines, Inc.",0.0,0.0,0.0,56.0,56.0,56.0,VMC,,,09-03-2022,NV
27542,20220217104662,Incident,ENG22WA013,2022-02-10,"LANSERIA, OF",United States,026647S,0028046E,,,Non-Fatal,Minor,Airplane,ZS-ZWD,BOEING,737,No,2.0,,NUSC,SCHD,,Kulula,0.0,0.0,0.0,163.0,163.0,163.0,,,,04-03-2022,OF
28124,20220623105317,Accident,DCA22LA135,2022-06-18,"NEW YORK, NY",United States,403833N,0734644W,KJFK,John F kennedy International,,Substantial,Airplane,F-GSPQ,BOEING,777,No,2.0,,129,SCHD,,Air France,0.0,0.0,0.0,0.0,0.0,0.0,VMC,,,,NY
